Train,Test,Model,n_common_features,AUC,F1,Precision,Recall,Brier,GLR,ECE,ReliabilityScore
pc3.arff,pc1.arff,extra_trees,10,0.813513,0.309283,0.261519,0.37922,0.073227,0.276365,0.062606,0.858526
pc3.arff,pc2.arff,extra_trees,36,0.862099,0.043227,0.043248,0.043478,0.00512,0.05991,0.009983,0.838991
pc3.arff,pc4.arff,extra_trees,37,0.75249,0.165227,0.254513,0.122472,0.119084,0.208006,0.099871,0.83471
pc4.arff,pc1.arff,extra_trees,10,0.71302,0.185028,0.246806,0.148052,0.072276,0.284199,0.067745,0.858118
pc4.arff,pc2.arff,extra_trees,36,0.828043,0.075979,0.043612,0.295652,0.014955,0.113506,0.034375,0.840793
pc4.arff,pc3.arff,extra_trees,37,0.730925,0.116282,0.214249,0.08,0.097732,0.212019,0.079287,0.841574
